First Name,Surname,Yearly Salary (£)
Daniel,Jackson,8123
Emily,Thompson,2387
Liam,Davies,754
Olivia,Wilson,5894
Noah,Brown,1205
Ava,Jones,7162
William,Miller,5173
Sophia,Williams,2639
James,Lewis,690
Isabella,Robinson,752
Benjamin,Walker,5436
Charlotte,Clark,8917
Oliver,Wright,778
Mia,Taylor,650
Elijah,Moore,5618
Amelia,Turner,1924
Lucas,Smith,3475
Evelyn,Davies,1442
Henry,Johnson,948
Ava,Thompson,8856
Sophie,Anderson,6489
Jack,Williams,3947
Emma,Miller,2025
Michael,Brown,4931
Grace,Davis,2187
Carter,Moore,5732
Chloe,Smith,4215
Ethan,White,2653
Zoe,Johnson,1795
Jackson,Clark,7298
Harper,Davies,1156
Aiden,Thomas,6342
Ella,Jones,8274
Leo,Wilson,5012
Madison,Turner,1897
Logan,Evans,3276
Lily,Scott,1753
Owen,Miller,4429
Aria,Martin,962
Sophia,Brown,1801
Caleb,Smith,3125
Isaac,Davies,7410
Elena,Williams,4306
David,Johnson,5891
Mia,Evans,1184
Samuel,Turner,6958
Avery,Wilson,8135
Ella,Jackson,2315
Gabriel,Thomas,5536
Stella,Clark,7692
Ethan,Miller,3962
Nora,Jones,1785
Leo,Robinson,4825
Hannah,Taylor,6832
Dylan,Moore,5491
Lucy,Brown,1265
Olivia,Martin,4259
Benjamin,Scott,2746
Aria,Wright,8124
Julian,White,3564
Eva,Walker,9187
Daniel,Turner,6348
Zoe,Davies,1984
Liam,Johnson,4421
